name,main_category,sub_category,price_level,duration_minutes,lat,lng,district
Hamdi,Yeme-İçme,Dünya Mutfağı,₺,60,41.0171629,28.9698993,İstanbul
Tomb of Hayreddin Barbarossa,Tarih & Kültür,Camii & Türbe,Free,90,41.0419227,29.0068359,İstanbul
Pera Antakya,Yeme-İçme,Dünya Mutfağı,₺,60,41.0309965,28.9748683,İstanbul
Kambur'un Bahçesi,Turistik Deneyim,Seyir Noktası / Heykel,Free,30,41.042587,29.0038953,İstanbul
Erbilgin Yalısı,Turistik Deneyim,Seyir Noktası / Heykel,Free,30,41.1189172,29.0684191,İstanbul
Besteci Faik Canselen'in Evi,Turistik Deneyim,Seyir Noktası / Heykel,Free,30,41.1188112,29.0641646,İstanbul
İTO ESHV Tesisleri,Yeme-İçme,Dünya Mutfağı,₺,60,41.0709509,29.0626164,İstanbul
Serpent Column,Turistik Deneyim,Seyir Noktası / Heykel,Free,30,41.0056649,28.9751101,İstanbul
İskele Restaurant,Yeme-İçme,Dünya Mutfağı,₺,60,41.1217558,29.0708274,İstanbul
Çemberlitaş Hammam,Turistik Deneyim,Seyir Noktası / Heykel,Free,30,41.0085416,28.9716244,İstanbul
Poğaçacı,Yeme-İçme,İtalyan,₺,60,41.0847588,29.0429654,İstanbul
Konyalı Restaurant,Yeme-İçme,Dünya Mutfağı,₺,60,41.013559,28.9858813,İstanbul
Marmara 3 Döner&Kumru,Yeme-İçme,Dünya Mutfağı,₺,60,41.0132362,28.932247,İstanbul
Imroz,Yeme-İçme,Dünya Mutfağı,₺,60,41.0347422,28.9780262,İstanbul
Fishvar,Yeme-İçme,Dünya Mutfağı,₺,60,41.114686,29.058002,İstanbul
Le Caïque,Yeme-İçme,Dünya Mutfağı,₺,60,41.0265461,28.9580915,İstanbul
Cibali,Yeme-İçme,Dünya Mutfağı,₺,60,41.0266817,28.9577591,İstanbul
Sultan Mehmet Restaurant & Cafe,Yeme-İçme,Dünya Mutfağı,₺,60,41.009905,28.9788475,İstanbul
The Port Shield Pub & Restaurant,Yeme-İçme,Dünya Mutfağı,₺,60,41.011978,28.9782237,İstanbul
Mahzen,Yeme-İçme,Dünya Mutfağı,₺,60,41.0338973,28.9780052,İstanbul
Millî Egemenlik Parkı,Doğa & Park,Dinlenme Alanı,Free,30,41.0002134,28.8517727,İstanbul
Silivrikapı,Tarih & Kültür,Anıt & Meydan,Free,90,41.0060826,28.9218299,İstanbul
Maiden's tower,Yeme-İçme,Dünya Mutfağı,₺,60,41.0211236,29.0040752,İstanbul
BJK 100. Yıl Kartal Heykeli,Tarih & Kültür,Anıt & Meydan,Free,90,41.0435474,29.0041967,İstanbul
Çam Vadisi,Yeme-İçme,Dünya Mutfağı,₺,60,41.1776512,29.0955312,İstanbul
Taskin Kofte,Yeme-İçme,Dünya Mutfağı,₺,60,41.0708579,29.0425191,İstanbul
Tomb of Hatice Turhan Sultan,Tarih & Kültür,Anıt & Meydan,Free,90,41.0162025,28.9719047,İstanbul
Ege Rum Meyhanesi,Yeme-İçme,Dünya Mutfağı,₺,60,41.0242307,28.9739726,İstanbul
Magnaura Sarayı,Tarih & Kültür,Surlar & Kalıntılar,Free,90,41.0054477,28.9796589,İstanbul
Fıccın,Yeme-İçme,Geleneksel Türk,₺₺,60,41.0325552,28.9757155,İstanbul
Çok Çok Thai Restaurant,Yeme-İçme,Asya Mutfağı,₺₺₺,60,41.0327089,28.9751817,İstanbul
Ottaman Burger,Yeme-İçme,Dünya Mutfağı,₺,60,41.0296393,28.9750264,İstanbul
Helvetia,Yeme-İçme,Dünya Mutfağı,₺,60,41.0290262,28.9740554,İstanbul
Falafel Veggie,Yeme-İçme,Dünya Mutfağı,₺,60,41.0511155,28.9926497,İstanbul
Loving Hut,Yeme-İçme,Dünya Mutfağı,₺,60,41.0439223,29.002724,İstanbul
Akkol,Yeme-İçme,Geleneksel Türk,₺₺,60,41.0317585,29.2595179,İstanbul
Cheers Soul Kitchen,Yeme-İçme,Geleneksel Türk,₺₺,60,41.0026967,28.9742648,İstanbul
Boukoleon Fish Restaurant,Yeme-İçme,Dünya Mutfağı,₺,60,41.0029302,28.9755855,İstanbul
Sultan’s Inn,Yeme-İçme,Dünya Mutfağı,₺,60,41.0031733,28.9745331,İstanbul
Lacivert,Yeme-İçme,Dünya Mutfağı,₺,60,41.0913113,29.0666699,İstanbul
Sunset,Yeme-İçme,Dünya Mutfağı,₺,60,41.0639692,29.0330189,İstanbul
Daruzziyafe,Yeme-İçme,Dünya Mutfağı,₺,60,41.0166939,28.9625453,İstanbul
Karakol Restaurant,Yeme-İçme,Geleneksel Türk,₺₺,60,41.0092963,28.9810833,İstanbul
Sarnic Restaurant,Yeme-İçme,Dünya Mutfağı,₺,60,41.0098698,28.9795524,İstanbul
Sofia,Yeme-İçme,Dünya Mutfağı,₺,60,41.0097888,28.9794451,İstanbul
Giritli,Yeme-İçme,Geleneksel Türk,₺₺,60,41.0036587,28.9807319,İstanbul
Mangal Keyfi,Yeme-İçme,Geleneksel Türk,₺₺,60,41.036163,28.979663,İstanbul
Allsports Cafe,Yeme-İçme,Dünya Mutfağı,₺,60,41.0806378,29.0355521,İstanbul
Karaköy Lokantası,Yeme-İçme,Dünya Mutfağı,₺,60,41.0245922,28.980028,İstanbul
Ancient Hippodrome Substructure,Genel,Diğer,Free,30,41.004072,28.973413,İstanbul
Cankurtaran Öğretmenevi,Yeme-İçme,Dünya Mutfağı,₺,60,41.0041488,28.9821511,Fatih
Mihri,Yeme-İçme,Geleneksel Türk,₺₺,60,41.0072661,28.9791652,İstanbul
Milion,Tarih & Kültür,Anıt & Meydan,Free,90,41.0080674,28.9780181,İstanbul
Ming Garden,Yeme-İçme,Asya Mutfağı,₺₺₺,60,41.0395558,28.9847147,İstanbul
Gaya,Yeme-İçme,Dünya Mutfağı,₺,60,41.0395385,28.9834201,İstanbul
Taksim Karaoke,Yeme-İçme,Dünya Mutfağı,₺,60,41.0397676,28.985416,İstanbul
Udonya Japanese Restaurant,Yeme-İçme,Asya Mutfağı,₺₺₺,60,41.0405112,28.9853334,İstanbul
Cistern Restaurant,Yeme-İçme,Dünya Mutfağı,₺,60,41.0099971,28.9794755,İstanbul
Korean Chinese,Yeme-İçme,Dünya Mutfağı,₺,60,41.0033965,28.9742599,İstanbul
Nostra Casa,Yeme-İçme,İtalyan,₺,60,41.0031267,28.9743156,İstanbul
Seoul II Restaurant,Yeme-İçme,Dünya Mutfağı,₺,60,41.0053655,28.9800889,İstanbul
Komün,Yeme-İçme,İtalyan,₺,60,41.0278772,28.9738042,İstanbul
Kaşıkçı Pilav,Yeme-İçme,Dünya Mutfağı,₺,60,41.086955,29.006026,İstanbul
Paşa Çadırı,Yeme-İçme,Geleneksel Türk,₺₺,60,41.049468,29.0762049,İstanbul
KARDEŞLER LOKANTASI,Yeme-İçme,Dünya Mutfağı,₺,60,41.0665216,28.973324,İstanbul
Garipçe Kalesi,Tarih & Kültür,Surlar & Kalıntılar,Free,90,41.2140768,29.1106021,İstanbul
Pompeus Sütunu / Roke Kayalıkları,Tarih & Kültür,Surlar & Kalıntılar,Free,90,41.23394,29.1157573,İstanbul
Rumeli Kavağı Tabyaları,Tarih & Kültür,Surlar & Kalıntılar,Free,90,41.1820279,29.0746658,İstanbul
Yenimahalle Astsubay Orduevi,Yeme-İçme,Geleneksel Türk,₺₺,60,41.1722647,29.0659218,İstanbul
Sultan's Kitchen,Yeme-İçme,Dünya Mutfağı,₺,60,41.0062489,28.969526,İstanbul
Namlı Kebap,Yeme-İçme,Dünya Mutfağı,₺,60,41.0279801,29.1911301,İstanbul
Salon Cafe,Yeme-İçme,Geleneksel Türk,₺₺,60,41.0682401,29.0009827,İstanbul
Akademi Lezzet,Yeme-İçme,Dünya Mutfağı,₺,60,41.0686953,29.0019483,İstanbul
İmer Cafe,Yeme-İçme,Geleneksel Türk,₺₺,60,41.0689377,29.0020583,İstanbul
Rasathane Kebap,Yeme-İçme,Dünya Mutfağı,₺,60,41.0632132,29.0662247,İstanbul
Kartal Közde Döner,Yeme-İçme,Geleneksel Türk,₺₺,60,41.0671818,29.003537,İstanbul
Limma,Yeme-İçme,Dünya Mutfağı,₺,60,41.0678138,29.0067149,İstanbul
Republic Monument,Tarih & Kültür,Anıt & Meydan,Free,90,41.0369723,28.9851248,İstanbul
Yenice,Yeme-İçme,Dünya Mutfağı,₺,60,41.0860548,29.0484362,İstanbul
Hatay Medeniyetler Sofrasi,Yeme-İçme,Dünya Mutfağı,₺,60,41.0357323,28.9835307,İstanbul
Suna'nın Yeri,Yeme-İçme,Deniz Ürünleri,₺₺₺,60,41.074314,29.0581857,İstanbul
2. Abdülhamit Anıtı,Tarih & Kültür,Anıt & Meydan,Free,90,41.0017691,29.0071158,İstanbul
Cigeristan,Yeme-İçme,Geleneksel Türk,₺₺,60,41.0117796,28.9493245,İstanbul
Seyhmuz Kebap,Yeme-İçme,Dünya Mutfağı,₺,60,41.0088964,28.9696383,İstanbul
Otto Cihangir,Yeme-İçme,Dünya Mutfağı,₺,60,41.032191,28.9829731,İstanbul
E Balik,Yeme-İçme,Dünya Mutfağı,₺,60,41.00909,29.1354605,İstanbul
Hasan Usta,Yeme-İçme,Dünya Mutfağı,₺,60,41.0083361,29.1383639,İstanbul
Orman Cafe & Restaurant,Yeme-İçme,Dünya Mutfağı,₺,60,41.0277645,29.1373818,İstanbul
Cafe Garage,Yeme-İçme,Dünya Mutfağı,₺,60,41.0049313,29.1315253,İstanbul
St.George's Anglican Church,Tarih & Kültür,Surlar & Kalıntılar,Free,90,41.1909401,28.9623135,İstanbul
Sa Va Anatolian Breakfast House,Yeme-İçme,Geleneksel Türk,₺₺,60,41.0320474,28.9837075,İstanbul
Hayvore,Yeme-İçme,Geleneksel Türk,₺₺,60,41.0338294,28.9788816,İstanbul
Filiboz Antik Bizans kasabası,Tarih & Kültür,Surlar & Kalıntılar,Free,90,41.1261093,28.7018667,İstanbul
Nakka Bistro,Yeme-İçme,Dünya Mutfağı,₺,60,41.0268562,28.9743784,İstanbul
Farika Döner,Yeme-İçme,Dünya Mutfağı,₺,60,41.0231587,29.1298469,İstanbul
Dogaciyiz.com gourmet şarküteri,Yeme-İçme,Dünya Mutfağı,₺,60,41.0300565,28.9824119,İstanbul
Captain,Yeme-İçme,Dünya Mutfağı,₺,60,41.0862571,29.0080208,İstanbul
Cafe Levent,Yeme-İçme,Dünya Mutfağı,₺,60,41.0855803,29.0084838,İstanbul
1972 Çevre Pasta Cafe Restaurant,Yeme-İçme,Dünya Mutfağı,₺,60,41.0854131,29.0087046,İstanbul
on1 Bistro,Yeme-İçme,Dünya Mutfağı,₺,60,41.0856851,29.00859,İstanbul
